"taxa500","taxa1000"
0.279264767964681,0.508898035685221
63.476244366169,210.744977966944
